<?xml version="1.0"?>
<doc>
    <assembly>
        <name>Flow.Launcher.Plugin.Weather</name>
    </assembly>
    <members>
        <member name="T:Flow.Launcher.Plugin.Weather.SettingsControl">
            <summary>
            SettingsControl
            </summary>
        </member>
        <member name="M:Flow.Launcher.Plugin.Weather.SettingsControl.InitializeComponent">
            <summary>
            InitializeComponent
            </summary>
        </member>
    </members>
</doc>
